{"cameraMode":{"drawMode":0,"name":"Shaded","section":"Shading Mode"},"sceneLighting":true,"audioPlay":false,"sceneViewState":{"m_AlwaysRefresh":false,"showFog":true,"showSkybox":true,"showFlares":true,"showImageEffects":true,"showParticleSystems":true,"showVisualEffectGraphs":true,"m_FxEnabled":true},"in2DMode":false,"pivot":{"x":-8.779999732971192,"y":9.989999771118164,"z":-20.729999542236329},"rotation":{"x":-0.33980700373649599,"y":0.022905191406607629,"z":-0.008280464448034764,"w":-0.9402060508728027},"size":1.0517356395721436,"orthographic":false}